Employee ID,Name,Department,Designation,Date of Birth,Basic
1001,John Smith,HR,HR Manager,15-05-1980,60000
1002,Emily Johnson,Marketing,Marketing Lead,20-11-1985,55000
1003,Michael Brown,IT,IT Manager,10-08-1978,65000
1004,Jessica Davis,Finance,Accountant,25-03-1990,50000
1005,David Wilson,Operations,Operations Mgr,30-07-1982,62000
1006,Sarah Lee,HR,HR Assistant,12-01-1992,45000
1007,Daniel Clark,Marketing,Marketing Asst,05-09-1987,42000
1008,Jennifer Kim,IT,Software Eng,18-04-1989,70000
1009,Andrew Nguyen,Finance,Finance Analyst,22-06-1983,48000
1010,Samantha Hall,Operations,Ops Assistant,08-12-1995,40000
1011,Kevin Rodriguez,HR,HR Executive,14-02-1984,56000
1012,Lisa Martinez,Marketing,Marketing Exec,29-10-1986,53000
1013,Christopher Lee,IT,Network Eng,17-03-1981,68000
1014,Amanda Scott,Finance,Finance Mgr,02-09-1975,75000
1015,Brian Turner,Operations,Ops Manager,09-11-1977,64000
1016,Ashley Baker,HR,HR Specialist,24-07-1993,47000
1017,Eric Wright,Marketing,Marketing Asst,18-05-1991,43000
1018,Michelle Adams,IT,QA Analyst,03-08-1988,58000
1019,Matthew Gray,Finance,Accountant,16-12-1980,52000
1020,Lauren Ward,Operations,Operations Asst,21-04-1984,41000
1021,Ryan Collins,HR,HR Consultant,05-06-1979,59000
1022,Olivia Moore,Marketing,Marketing Mgr,28-01-1983,67000
1023,Ethan Rivera,IT,Database Admin,14-11-1986,71000
1024,Kimberly Long,Finance,Finance Analyst,08-08-1994,49000
1025,Joshua King,Operations,Ops Executive,03-02-1987,55000
1026,Maria Garcia,HR,HR Coordinator,17-04-1976,60000
1027,Jason Smith,Marketing,Marketing Asst,01-10-1990,44000
1028,Emma Davis,IT,Software Eng,25-12-1982,
1029,Hannah White,HR,HR Assistant,14-08-1991,46000
1030,Alexander Martinez,Marketing,Marketing Specialist,27-03-1988,52000
1031,Natalie Taylor,IT,Systems Analyst,19-07-1985,63000
1032,Brandon Harris,Finance,Financial Analyst,02-11-1993,51000
1033,Victoria Nguyen,Operations,Operations Coordinator,08-05-1989,43000
1034,Nicholas Thompson,HR,HR Assistant,30-09-1987,48000
1035,Isabella King,Marketing,Marketing Coordinator,15-04-1990,47000
1036,Gabriel Rodriguez,IT,Network Admin,08-12-1982,69000
1037,Hailey Cooper,Finance,Financial Analyst,28-02-1984,54000
1038,Austin Stewart,Operations,Operations Coordinator,23-06-1992,44000
1039,Sophia Rivera,HR,HR Assistant,11-10-1981,49000
1040,Logan Evans,Marketing,Marketing Coordinator,05-03-1986,48000
1041,Kylie Baker,IT,Software Eng,22-07-1989,72000
1042,Connor Lee,Finance,Financial Analyst,18-09-1978,55000
1043,Grace Mitchell,Operations,Operations Coordinator,07-12-1983,45000
1044,Noah Hall,HR,HR Assistant,26-01-1995,50000
1045,Chloe Campbell,Marketing,Marketing Coordinator,03-04-1980,49000
1046,Dylan Perez,IT,Systems Analyst,19-06-1987,66000
1047,Leah Edwards,Finance,Financial Analyst,14-10-1984,53000
1048,Justin Foster,Operations,Operations Coordinator,11-02-1991,46000
1049,Mia Collins,HR,HR Assistant,28-05-1977,51000
1050,Adrian Howard,Marketing,Marketing Coordinator,17-08-1982,50000
1051,Ella Thompson,IT,Network Admin,30-11-1989,70000
1052,Jack Ross,Finance,Financial Analyst,24-04-1983,56000
1053,Avery Ward,Operations,Operations Coordinator,09-09-1994,47000
1054,Sophie Hernandez,HR,HR Assistant,12-12-1988,52000
1055,Liam Morris,Marketing,Marketing Coordinator,16-06-1976,51000
1056,Zoe Murphy,IT,Software Eng,09-01-1981,74000
1057,Carter Sanchez,Finance,Financial Analyst,04-03-1985,57000
1058,Evelyn Reed,Operations,Operations Coordinator,27-07-1990,48000
1059,Blake Ramirez,HR,HR Assistant,18-09-1988,53000
1060,Lucy Wright,Marketing,Marketing Coordinator,31-12-1983,52000
1061,Nathan Peterson,IT,Systems Analyst,22-05-1991,68000
1062,Hailey Barnes,Finance,Financial Analyst,15-02-1986,54000
1063,Daniel Murphy,Operations,Operations Coordinator,08-08-1989,45000
1064,Mia Baker,HR,HR Assistant,27-10-1982,50000
1065,Ethan Flores,Marketing,Marketing Coordinator,20-04-1979,49000
1066,Emily Gonzalez,IT,Network Admin,14-07-1984,67000
1067,Nolan Johnson,Finance,Financial Analyst,09-10-1993,55000
1068,Scarlett Hall,Operations,Operations Coordinator,04-12-1978,46000
1069,Owen Carter,HR,HR Assistant,19-02-1987,51000
1070,Audrey Stewart,Marketing,Marketing Coordinator,14-06-1990,48000
1071,Lucas Ward,IT,Software Eng,29-08-1976,75000
1072,Aria Hernandez,Finance,Financial Analyst,22-11-1981,56000
1073,Julian Russell,Operations,Operations Coordinator,17-05-1984,47000
1074,Ava Patterson,HR,HR Assistant,02-02-1995,52000
1075,Connor Perry,Marketing,Marketing Coordinator,27-05-1980,51000
1076,Ella Foster,IT,Network Admin,20-08-1987,69000
1077,Brayden Rivera,Finance,Financial Analyst,13-01-1984,57000
1078,Hannah Simmons,Operations,Operations Coordinator,07-04-1991,48000
1079,Landon Mitchell,HR,HR Assistant,31-07-1977,53000
1080,Avery Stewart,Marketing,Marketing Coordinator,24-10-1982,50000
1081,Lucy Wright,IT,Software Eng,17-01-1989,74000
1082,Nathan Parker,Finance,Financial Analyst,11-04-1983,58000
1083,Mia Johnson,Operations,Operations Coordinator,06-09-1994,49000
1084,James Williams,HR,HR Assistant,09-12-1988,54000
1085,Charlotte Lee,Marketing,Marketing Coordinator,03-02-1976,52000
1086,Lincoln Perez,IT,Systems Analyst,26-05-1981,68000
1087,Audrey Barnes,Finance,Financial Analyst,21-08-1985,55000
1088,Julia Carter,Operations,Operations Coordinator,15-11-1990,46000
1089,Oliver Martinez,HR,HR Assistant,14-02-1988,55000
1090,Sophia Gonzalez,Marketing,Marketing Coordinator,08-05-1983,53000
1091,Noah Scott,IT,Systems Analyst,02-08-1991,69000
1092,Isabella Adams,Finance,Financial Analyst,27-11-1986,56000
1093,Liam Murphy,Operations,Operations Coordinator,20-04-1989,47000
1094,Amelia Turner,HR,HR Assistant,15-07-1982,52000
1095,Logan Hall,Marketing,Marketing Coordinator,09-10-1979,51000
1096,Emma Martinez,IT,Network Admin,03-01-1984,67000
1097,Mason Thompson,Finance,Financial Analyst,28-03-1993,57000
1098,Ava Stewart,Operations,Operations Coordinator,22-05-1978,48000
1099,Henry Rodriguez,HR,HR Assistant,15-09-1987,53000
1100,Ella Flores,Marketing,Marketing Coordinator,10-12-1990,49000
1101,Alexander Wilson,IT,Software Eng,05-02-1976,75000
1102,Sophia Foster,Finance,Financial Analyst,01-05-1981,58000
1103,Lucas Mitchell,Operations,Operations Coordinator,26-07-1984,49000
1104,Abigail Collins,HR,HR Assistant,21-03-1995,54000
1105,Ethan Perez,Marketing,Marketing Coordinator,15-06-1980,52000
1106,Harper Edwards,IT,Network Admin,08-09-1987,68000
1107,Madison Parker,Finance,Financial Analyst,03-12-1984,58000
1108,Landon Barnes,Operations,Operations Coordinator,28-02-1991,47000
1109,Avery Bennett,HR,HR Assistant,23-05-1977,54000
1110,Ella Stewart,Marketing,Marketing Coordinator,17-08-1982,50000
1111,Logan Wright,IT,Software Eng,30-11-1989,74000
1112,Avery Parker,Finance,Financial Analyst,24-04-1983,57000
1113,Ellie Johnson,Operations,Operations Coordinator,09-09-1994,49000
1114,Noah Long,HR,HR Assistant,12-12-1988,55000
1115,Sophia Lee,Marketing,Marketing Coordinator,16-06-1976,51000
1116,Liam Murphy,IT,Systems Analyst,09-01-1981,68000
1117,Olivia Sanchez,Finance,Financial Analyst,04-03-1985,57000
1118,Ethan Reed,Operations,Operations Coordinator,27-07-1990,48000
